{"gato": {"nombre": "anton", "hambre": 87.91999999999965, "energia": 61.73999999998204, "felicidad": 56.63499999999779}, "perro": {"nombre": "jose", "hambre": 44.22000000000211, "energia": 98.8199999999994, "felicidad": 98.88999999999996}, "loro": {"nombre": "malo", "hambre": 22.080000000002826, "energia": 99.91999999999996, "felicidad": 90.38499999999964}}